prolificID,experiment_id,condition,gender,age,blame_prescriptive,praise_prescriptive
663a728e2efd6515cf7d8082,e1DXnn,2,2,32,-1,2
65c78dec7c58317f47313414,e1DXnn,1,2,51,2,3
665b0eaa13ba333dc8534944,egNJun,2,2,22,-2,3
663e2ff7858a9cb9709dc092,e1DXnn,2,2,51,-3,-1
662973cb1dd7240a760b4e4f,egNJun,2,2,38,-3,2
66338efe42ef272a6bce6b5a,e1DXnn,3,2,44,2,2
6617dd0a8c545a6732641dd4,e1DXnn,1,1,45,1,
652fef7dd80b934fb2a0e4d6,e1DXnn,1,2,41,1,1
6441356d5337fd4714939734,e1DXnn,3,1,46,-3,2
6297567582d2ed2d88ae0450,egNJun,3,1,35,-3,0
53c04378fdf99b360e022d92,e1DXnn,3,2,27,0,0
5c5f1e44c878bb000155e036,e1DXnn,3,2,29,-2,3
663a5d30071a8ee639e0b6be,e1DXnn,2,2,28,2,3
6014213c77aab7396ca3e5a7,e1DXnn,1,2,51,0,2
56b61b915cd743000e6e01c5,e1DXnn,3,1,42,2,1
5490c822fdf99b71ba910e1a,e1DXnn,3,2,28,1,3
597763c969b5670001b6c8cf,e1DXnn,2,1,31,1,2
657ca800404c8884226c8f42,e1DXnn,1,1,19,-2,1
60fdf439667428ddf589f80f,e1DXnn,3,1,27,1,2
643ead9be9be7fa2c20e1a53,e1DXnn,2,1,58,2,3
5eb6b8ee9351615bd9d99fde,e1DXnn,2,2,66,3,3
65b26bbe1d5dfa901eeb87c3,e1DXnn,3,2,31,0,1
5d14de777091ed0015774f0f,e1DXnn,3,2,24,0,1
5f0499756b5d4972f0da9c78,e1DXnn,2,1,31,-1,2
5d0e711c91721f001a919f11,e1DXnn,1,2,63,3,3
5fb8b141a2e5dd63494c80f1,e1DXnn,1,2,35,-2,2
63d152150ad28a2b24aa507a,e1DXnn,3,2,34,-2,3
6633b7d4771413763b8e3916,egNJun,2,1,49,-1,2
583d5dd49c5f2a0001b85f40,e1DXnn,3,2,28,2,1
614de6faf1af6a87e98a50bc,e1DXnn,2,1,51,3,3
662a9424413abe279fda0f42,e1DXnn,1,2,46,-1,2
65a1b0e9a87fd9d64a96c28a,e1DXnn,2,2,37,3,3
6005c0af8593c40dcad4aecf,e1DXnn,1,4,31,0,0
665c0557876948c40b2350d6,egNJun,3,2,41,-3,3
654a8c7f29438b574d5b9fee,e1DXnn,2,2,44,2,3
66146bd1bf9c4e046e5d9c9a,egNJun,2,1,44,0,2
6644ef43dd9263e6e076bac6,e1DXnn,2,2,45,-3,1
61281debe85082cc937dd9ae,e1DXnn,2,2,32,-1,2
6631997e0554bb6d25062fd4,egNJun,1,1,24,1,2
65957b97896708cd25109c8b,e1DXnn,1,2,38,1,0
6517f127855e8baf0247b2dd,e1DXnn,3,1,52,-1,3
605380e706df2f26164b0ba2,e1DXnn,2,3,36,3,3
663b8fd6c1f492b0149554eb,e1DXnn,2,2,42,-1,2
6609eee271e2fa6407181949,e1DXnn,1,2,60,2,3
5add6b6aeb60400001536f2c,e1DXnn,1,2,70,3,3
62fea0509e7df658ed2554d2,e1DXnn,3,1,33,-2,2
6632d0b9f5ef98c1d908b4fa,e1DXnn,1,2,56,-1,3
5e987098f1bb6707dca13f5b,e1DXnn,2,2,57,-2,3
5d6920acf59886000119e73e,egNJun,1,1,44,3,1
5dd6dadf9c84d86703aa8615,egNJun,1,1,38,2,3
63d3f9666978779139a949bb,e1DXnn,1,1,32,1,0
6646cdbd7a8e4d39556e459b,e1DXnn,2,2,35,3,3
63b6f0c524c4735cd7755c27,e1DXnn,3,2,47,-1,3
6614b9cbe0e2912e3ffd0705,egNJun,3,1,51,2,2
66240f705ac353a0bb928773,egNJun,3,1,40,-1,-1
6650f33dcbe94484580622ee,e1DXnn,2,2,21,3,2
5ebf2b97ce2e0f1c05e9b00a,e1DXnn,2,2,60,0,-1
6629517257384969d8995d78,e1DXnn,1,2,48,2,1
59a3af455fd74b0001abf9bf,e1DXnn,3,1,34,1,2
5a282206b279aa0001b0e002,e1DXnn,2,2,38,2,2
647d87d32f487c34fa8624a7,e1DXnn,3,1,53,-1,0
5f29aed2c46fc6118f5980c3,e1DXnn,3,2,43,0,3
5ee2d96eac3291203650f16e,e1DXnn,2,1,28,2,1
5c38def3f451bf0001d9c01e,e1DXnn,2,1,47,1,2
6400db08ae94a6b881964731,e1DXnn,3,1,32,2,3
60ee4bb7de4352af0286e091,e1DXnn,2,2,28,-2,1
662a9245186788440a6add6f,e1DXnn,1,2,53,0,0
65ca4cf5aae33168f7873a33,e1DXnn,1,2,34,2,1
663b911b5f8a5f3f42047bba,e1DXnn,3,2,34,-1,2
5c2befdb805c1d0001b47296,e1DXnn,1,2,43,1,1
616cc68f451393cd63dfc8ae,e1DXnn,2,2,30,1,3
664775717664d82e25137e82,e1DXnn,2,2,30,3,3
5b6e9435885b0b0001bb034b,e1DXnn,3,1,27,0,3
5c0e94e41d3b190001080862,e1DXnn,3,2,56,-3,-3
5efec82cf597a73e75e3fbe0,e1DXnn,3,2,22,-2,2
611115eb23d02f639a39f61e,e1DXnn,2,2,26,-1,1
665cd37d244c81a07e68f20f,egNJun,2,1,19,-1,1
65e630e4777c8e3ac50b9aea,e1DXnn,1,2,51,1,1
5dd292312e6c772a2ddca482,e1DXnn,2,1,34,1,3
6630e3986f35d4a64e170946,e1DXnn,1,2,39,3,2
5e7813d0cbcef5393c2ae567,e1DXnn,1,1,29,-1,1
607ec88e68df02237867c4ac,e1DXnn,3,2,44,1,2
65513436964e241ee99a5083,e1DXnn,1,2,46,3,3
5bb10d4288f88d0001f3d151,e1DXnn,1,2,60,3,3
656607db0fc2ad7c7b0948fa,e1DXnn,2,2,26,1,3
6642a197a599b06b914c10a6,e1DXnn,3,1,28,2,3
65c10d172e5146577fd1a778,e1DXnn,3,2,28,3,1
663bbe008fb8f91c22aaf751,e1DXnn,2,1,54,-1,2
662939c49821886e0246c494,e1DXnn,2,2,44,2,2
65ca7cfde19cfc959f00d9f1,e1DXnn,1,2,31,0,0
5c48d9b3cd853b0001287890,e1DXnn,3,1,32,-1,2
66378ba1edfed357d10c3959,e1DXnn,3,2,36,-2,2
665b20b3b0db636843b77ea0,e1DXnn,3,2,25,1,3
663aba8df8839918efccb2cb,e1DXnn,1,1,35,1,2
664a9130e765f4b066ec179e,e1DXnn,2,1,36,3,2
5fadd05e7543de1ee549773d,e1DXnn,2,2,48,3,3
5d1beb9c9e033e0017a725dc,e1DXnn,3,1,38,3,3
665893626958c4992532bdff,e1DXnn,1,1,41,0,3
65fce693e2e7b3285b2be81d,egNJun,1,2,40,3,3
65d50d82df181fb05be3196f,e1DXnn,2,2,21,2,-1
663c1c83fd847f0acd8ed4c9,e1DXnn,1,2,26,1,2
5865bdf7a3462300010673e3,egNJun,1,1,48,-2,2
66352dc9534503854d9079bf,e1DXnn,1,2,39,2,2
60feb2be3bb57f04327c03f4,e1DXnn,1,1,52,1,2
5dee44454d7bea4e3f4b44a6,egNJun,2,2,37,0,3
62867b51e71606f873d41b05,e1DXnn,2,1,37,2,2
63d142cd6facbdd809867c48,e1DXnn,2,2,36,-2,1
5ced23c585712e00190bd98a,e1DXnn,3,1,43,2,1
5b564680ed90280001510d9a,e1DXnn,2,1,38,2,2
65b530933c338ad8fff0a83f,e1DXnn,3,2,75,3,3
6629497a938b0963356f7002,e1DXnn,3,2,48,-2,1
611377497bdc630aedb0c1a7,e1DXnn,3,2,23,0,0
6325b8a7fcafb1208f542e93,e1DXnn,3,1,36,-2,3
63fa78f21e485a372c6528fa,e1DXnn,1,1,51,1,2
60ef2700e476748689a999f7,e1DXnn,1,2,32,3,3
664793da65fb3a1d9e80431f,e1DXnn,2,2,25,-1,0
5da497568034e40011366267,e1DXnn,1,1,37,2,1
663139cbb8723d403f4e7fc8,egNJun,1,1,46,1,0
661ada90ff7a91c58847b22d,egNJun,2,2,55,0,3
6484c219209c24da75a14964,e1DXnn,2,1,53,3,3
63bf40687b33e43442effb9b,egNJun,1,1,42,2,2
66418b120caf1d6fcf9d0cf2,egNJun,3,1,27,-2,3
5f0d529c9df050769b81e18f,e1DXnn,2,1,36,0,1
665a5007ded23a3b46ab299b,e1DXnn,3,1,29,0,3
614069ee33e9bf61d860d200,e1DXnn,3,1,35,-1,2
663a8d0cc952a673edb34363,e1DXnn,3,2,44,-2,2
66227371b75d9c90e62a3def,egNJun,3,2,29,-1,1
5e67fe18d9ea830a49772a67,e1DXnn,2,2,25,0,1
66563e4da8bbe2b119755a50,egNJun,1,2,33,-1,0
https://www.yelp.com/biz/shakeys-pizza-parlor-garden-grove-2,e1DXnn,1,1,49,-2,0
6654a08d044bd2f140dd9403,e1DXnn,3,2,59,1,2
656130263399ad94b5b84fd2,e1DXnn,3,2,48,2,3
6634fcc04fdb39573179fb61,e1DXnn,2,2,45,2,3
5d093f05c79e5a0016796b18,e1DXnn,2,1,35,2,1
662c62abadd0ff2671ea8876,egNJun,3,1,34,-3,3
663043f63dbecb9fd3c400e8,egNJun,1,2,25,2,-1
62ceba5fdab49dfc90278cbb,e1DXnn,2,2,25,0,3
5ed9711cfca3941553f2cfd8,egNJun,1,2,35,-2,1
663e1051b8991c9838004ca4,e1DXnn,2,1,64,-1,3
65c11389b0d2ba8e63cb8b22,e1DXnn,1,2,38,2,2
663ada244dd85eeecc453673,e1DXnn,3,2,27,-3,2
60cbabd69ddfb4d7243a1e38,e1DXnn,2,1,51,1,3
5c91ab9b47fad40011be8306,e1DXnn,3,1,34,-1,2
5c4d1a6c9ce35100019dbc88,e1DXnn,2,1,36,-2,3
6650a9ed115b3903e40e8943,egNJun,2,1,45,1,3
65df409ed4caf8deef4ae2b0,e1DXnn,1,2,41,-2,2
6403ce2f85c4bb26aff0de6e,e1DXnn,2,2,71,-1,0
661ed12701e9fa042486677a,egNJun,3,1,30,-2,2
6463e139c1cfbd6321e08714,e1DXnn,2,2,67,2,3
6644e1cc6d5db8a63da93e60,e1DXnn,1,2,30,1,2
5f511ab38505ac2e8fbfac5e,e1DXnn,1,2,25,-1,1
66041eef8bb7bb7f12624252,e1DXnn,3,1,52,1,3
66439c3bab98bb0158f84946,e1DXnn,2,2,35,3,1
6629515d8dd4df4d04ab8885,e1DXnn,2,2,53,2,2
66465dfe71dc8e9386d0a6a6,e1DXnn,1,1,33,2,2
5ec6852ffa4c53071c789fe8,e1DXnn,2,2,34,-1,2
5bfbfeed249c390001f875be,e1DXnn,1,3,32,1,3
662a2584d928ede39a60cdb1,egNJun,1,1,24,0,3
655fb267d98c83d9b05df214,e1DXnn,1,2,24,3,-2
5eb087ed7f6d1e1232690d6a,e1DXnn,3,2,63,0,3
651d7361e8db78894f7b95cd,e1DXnn,3,1,53,0,3
55b688fafdf99b26e287abd3,e1DXnn,2,1,52,1,2
6611e757699d7d1856dc2486,e1DXnn,3,2,53,-2,2
5e31740eb3f28315c5e0d347,e1DXnn,1,1,31,2,2
663531819b6036524054c4f0,e1DXnn,3,2,53,-1,1
663eb237449fd111b8647de2,e1DXnn,1,1,26,2,3
663a5fa6c0dd77f659a12550,e1DXnn,1,2,27,2,0
6657368915008a8a9edc91a9,e1DXnn,1,2,73,0,0
66572731cb06ce43c72bdf8a,e1DXnn,2,2,20,2,3
60fd01ec7bbf3d712124ad4b,e1DXnn,3,2,23,2,3
63bd8c8f03965fcab1bbb917,e1DXnn,3,2,29,1,3
5c5f8caa08ac630001cdc62d,e1DXnn,1,2,38,2,2
579983292fc0d400012c8937,e1DXnn,3,3,31,3,3
66435d67125fd343899c4647,e1DXnn,3,2,37,3,3
66433a1ddbc346c232990a79,egNJun,2,1,28,1,1
5b78542ef642ed0001517ca0,e1DXnn,2,2,33,1,1
663fab7c4193c77a18d5f5a5,e1DXnn,1,1,31,-1,3
65e7ca51f9482482909fd1ff,egNJun,2,1,28,-1,3
65dfa904f13b033e7b67414d,e1DXnn,3,2,20,0,3
663e4e95e7e0acca1b1cd005,e1DXnn,1,1,34,1,2
5fd298b32f6cb7062fd9aea0,e1DXnn,3,2,40,3,3
64d55b4562a7a1e44d7df618,e1DXnn,3,2,54,2,3
6643dcdaee723e90ec897171,egNJun,3,2,46,-2,2
6625c13dc39e9d15b84e26c1,egNJun,3,1,23,2,1
662939605d80002420c06af7,e1DXnn,2,2,41,-1,3
5fc5ef4e547d7a18ac819d73,e1DXnn,2,2,32,3,3
65e0a88fcc6c49698e16ee00,e1DXnn,1,1,42,1,2
66463a720c519d1fe8124afb,e1DXnn,1,1,32,3,3
5b121d05c85dc40001621bc6,e1DXnn,2,1,27,-1,2
6553a7fdcb372050cab6035c,e1DXnn,1,2,25,1,1
66295ed5afa876ee1f5aa891,e1DXnn,3,2,53,-3,3
663a6fa5512c57dcda46eadf,e1DXnn,2,2,25,-1,3
614ebfa6eff131515482a146,e1DXnn,3,1,32,-2,2
652007aa8bf93729d6829f67,e1DXnn,1,2,52,1,2
60220af9eeca542c5042d457,e1DXnn,1,1,30,-1,2
5da0a1d4306a2f001961d205,e1DXnn,3,2,64,0,3
662c28982dadca79ef58b53d,egNJun,2,2,48,2,2
5defe030347de8000ab7ecab,egNJun,3,1,37,2,2
66315db35a9e0a3f1df54106,egNJun,2,2,28,-1,-1
663e4b5deaf50d8cef5ee1cb,e1DXnn,2,2,67,1,3
5f5be09e16b98d18b3d213db,e1DXnn,1,2,27,1,2
60fefd6de6b470fd133b7d5d,e1DXnn,3,2,31,-1,3
56228c48ed6e5a0005c7fdd6,egNJun,1,1,39,3,2
5ffdfeea255d0c442b1aecbe,e1DXnn,1,2,33,2,2
65f7fbb178b358ac91094fec,egNJun,1,1,24,1,3
663c4e34830b516f69070737,e1DXnn,2,2,31,3,3
65e85fa344091288e6f10cd7,egNJun,3,1,24,2,1
6650ee2f115b3903e40e9835,egNJun,1,1,23,1,3
659577f52ae73223e381362a,e1DXnn,2,2,45,2,2
65eb03fdb9ac0903d185d88c,e1DXnn,2,1,31,2,1
5ec44da606cb7931f04a35e9,e1DXnn,3,1,58,3,3
6313f4ebb6eb359b0650a088,e1DXnn,1,2,25,-1,1
5d6325d535218100017210a2,egNJun,1,1,32,1,-2
663d2c4ec6e0b969b7552ac4,egNJun,2,1,39,2,2
65203a2c6b6a29564f73d405,e1DXnn,3,2,66,-2,3
66463bdd638be449331845a1,e1DXnn,1,2,22,-1,1
609c6cc79875c8f0ba5d2242,e1DXnn,2,2,62,-1,3
65674d97ea7b11c484cac493,e1DXnn,1,2,36,3,1
6638ed323cd2400f1d2b09d4,e1DXnn,3,2,52,-1,2
5c904569bc1a950016fbfc91,e1DXnn,1,2,39,-2,-2
6627f4487b8bd8d14031349a,egNJun,1,2,33,-1,3
65772beb157aafadf7aa343e,e1DXnn,2,1,51,0,1
55d35935da14d7001295326b,e1DXnn,3,2,42,1,2
65f3a58fec67a4540b02a71d,egNJun,1,2,27,0,1
65c1101ad396af7b64044034,e1DXnn,2,2,39,2,3
60f728553a37102574b585c4,e1DXnn,2,2,69,-3,2
663e3cebf22215cffd238d3e,e1DXnn,2,2,28,2,3
5dbc46b70338051eb7999760,e1DXnn,2,2,46,1,2
663fcdfa0a379f42f4c7397e,e1DXnn,1,2,51,3,2
6659e00a89a030f315e2ace8,e1DXnn,3,2,31,-3,2
65c296837d9cf28c3bbd5eda,e1DXnn,1,2,36,3,3
663db35ad74dad7cb14bd7a1,egNJun,2,1,19,2,0
6599f1241661eb4a6cf49de0,e1DXnn,3,2,40,3,3
664cda13124e3ad6e6276c49,egNJun,3,2,27,1,1
572041d6fd3a5200093c1295,e1DXnn,3,2,41,1,2
6634078f14f67c00f087818f,egNJun,3,1,61,0,0
66201746287a77b3b97d0c52,egNJun,1,1,37,-1,1
65ecfcd2ba0a9ef7fd3c8c90,egNJun,1,2,30,-3,2
664252d4a599b06b914bfcd8,e1DXnn,3,1,42,-2,1
662a615badc7c524fe2068e9,egNJun,2,1,34,-3,0
5aeb33dc329e250001c1f9c3,e1DXnn,3,2,25,-1,3
5e72a52868f8321fa3335b09,e1DXnn,1,2,32,3,3
5de8613ddf86d37c8a8ab294,e1DXnn,2,2,22,NA,3
5953462b2d8f240001481c53,e1DXnn,1,2,29,2,1
6111756d734032fd73f87a18,e1DXnn,1,2,23,2,3
,e1DXnn,3,1,45,-3,3
65b7b7c7de5aab00d7406888,e1DXnn,3,1,51,0,2
66281235a9b275877e8dfedd,egNJun,3,2,47,0,3
6393762f53bfb428985673db,egNJun,1,1,70,0,3
60bab9f865afc7f8435a99d8,e1DXnn,2,2,43,3,3
570bd589b9b52b000f2d854f,e1DXnn,1,1,38,0,0
5f6cdde7a8d71310b06e402a,e1DXnn,3,2,27,-1,2
5df2e86273d7241f495bc399,egNJun,3,2,37,1,3
6604613c980e905f7748e9c1,e1DXnn,1,2,56,3,3
5834b3f1d6ed08000154eadb,e1DXnn,1,3,27,2,3
65f8d57fd2c442b60e090c39,e1DXnn,1,1,33,1,2
664cf32f550b719c453c77b3,e1DXnn,2,2,23,1,2
66427a39c10677a167390fea,e1DXnn,3,3,20,-1,3
663a97f67384957d9d8f385c,e1DXnn,1,2,39,0,0
65f1e602324cee4a8e9c8177,egNJun,1,1,27,1,-1
6612c6bf60252716c439e878,e1DXnn,2,2,54,0,2
58a1fe40ea3d11000170d9b9,e1DXnn,2,2,32,-3,3
55ad1d55fdf99b4c8f9941d4,e1DXnn,2,2,40,2,3
5f01230b4f8dff26fad883d2,e1DXnn,2,1,23,1,1
637ee3e42ee7996a07233f21,e1DXnn,3,1,48,0,0
663a5d3e48441f253cc57071,e1DXnn,1,1,24,2,0
5f27835438b9f85a6b9ebdb4,e1DXnn,3,2,42,1,1
62964d27c2b2866faa677493,e1DXnn,1,1,35,-1,1
6562565a6752019f98cf5c76,e1DXnn,3,2,58,1,3
5fde4bdb99e7cf5b87787664,e1DXnn,1,2,42,-3,2
63d1e114550c261e5d78a941,e1DXnn,2,2,28,3,3
64d90f1779f89b941cdc667f,e1DXnn,1,1,50,0,2
662feef92fff86ddfb5232a3,egNJun,3,1,34,3,3
663a7dfda4b3d560eb9290c8,egNJun,2,1,43,0,-1
6638f03cea0eb349ca3d6528,egNJun,3,1,64,-2,1
620bde60a922fc3f247f6e6d,e1DXnn,2,2,40,0,2
6631373ef2fa4b8395355ebc,egNJun,2,1,36,2,3
663922bf1ff7589784c76f51,e1DXnn,1,1,20,3,3
643883e97bc73c8245bc31d3,e1DXnn,1,1,50,-1,1
663a30b2a631b1ab5e560e84@email.prolific.com,egNJun,2,1,57,3,3
66509f45e6406e41ed64f30c,e1DXnn,3,1,25,-2,3
5f4c722074dfe876eaa57716,e1DXnn,2,2,32,0,2
62c71e41af2bc57590b548e8,e1DXnn,2,1,43,1,3
663f765f9fa234227ab6805c,e1DXnn,1,2,32,-1,2
657f5c2d51e703ef98eede73,e1DXnn,3,1,52,-2,2
65978a6c375b6513561ed3fa,e1DXnn,2,2,35,2,2
663bc31529719b8501c52820,e1DXnn,1,1,31,3,-1
5fbe42c891f04a32f38807a4,e1DXnn,2,2,38,2,3
6566679308980069340e80b8,e1DXnn,3,1,49,0,1
63f7819f0214fe30ea7a84e9,e1DXnn,1,2,25,1,-1
6630e98447f8816633208ca9,e1DXnn,2,2,30,1,3
6584aa4023ce9a5ec9b7dd37,e1DXnn,2,1,43,3,3
63d41c2627381fc53af61e58,e1DXnn,3,2,47,-3,1
5cb62e9293342300017a72a1,e1DXnn,1,1,34,0,2
5bcd315d0f10750001d7f22e,e1DXnn,2,1,41,2,1
632a385defc440ca225a32b4,e1DXnn,2,1,29,-3,3
663591a8f1cc9a084177709c,egNJun,2,2,45,-1,-3
65fe2f14b03790cc470f5c06,e1DXnn,2,1,28,2,2
60fd0c0177cf82998b783603,e1DXnn,2,2,35,2,3
660453fc1aeb9b6ec5f7a127,e1DXnn,2,1,44,3,3
64527892acde0fbd392a41d6,e1DXnn,3,2,66,-2,1
62c55056993f53f1e8cf8e30,e1DXnn,3,1,71,1,3
6644cf0a2e641bfd221ac4af,egNJun,3,1,44,0,2
664672644459d88ac575c3be,e1DXnn,1,2,31,2,3
631b428359f449b8159625f8,,1,1,37,1,2
5d014a5dcd2e40001827abde,e1DXnn,2,2,46,3,3
58a86f9c66e4640001c539c9,e1DXnn,3,2,67,0,2
628f827eeb876ed2617881e7,e1DXnn,3,1,33,-2,3
5d439cb393066e001a5a4d26,egNJun,1,1,31,3,0
65b2b48eb1b3f9d1919dc177,e1DXnn,3,2,60,2,3
6644a6ea965c29a22a781757,e1DXnn,2,2,23,2,2
5b215747cd0abe00014fa2f6,e1DXnn,1,2,36,-1,2
660d53ba27881762fdac009c,e1DXnn,2,2,52,-2,1
66293cc1dcfaa310dd0f711b,e1DXnn,2,1,50,-2,1
58a5cf959e040a0001399f07,e1DXnn,3,2,31,3,3
64fb3be137d2bd2bdfab8ba6,e1DXnn,3,1,73,3,3
5d9373b0e04970001ab482da,e1DXnn,2,2,64,3,3
664e83348c0db6054db430f7,egNJun,2,2,36,0,1
5f326f3697c53601f394368a,e1DXnn,3,2,30,2,3
663a80b85db050463d8f303d,e1DXnn,1,2,35,0,0
60cd479b61b19c4610ad8d71,e1DXnn,2,1,29,3,2
6563507a7389aac2354b8a31,e1DXnn,1,2,37,2,-1
65e45e68189950bea6567553,e1DXnn,2,1,52,-1,2
5b757a03976ecb0001b1168f,e1DXnn,2,2,72,1,3
6005fd9c8bbd67931607e518,e1DXnn,2,2,28,2,3
6643d653f572827cc3743f43,e1DXnn,2,2,31,-1,0
62b35a7d9d9cd966ebcf3ef8,e1DXnn,3,2,62,-2,2
63d1650b103325686e22e3b7,e1DXnn,2,1,40,1,0
653f02673c461bbfd79d8789,egNJun,2,1,47,0,-1
662fa48c0b5e59f9bd5322cc,e1DXnn,2,2,36,2,2
6635316958a453da5e2af8b2,e1DXnn,1,1,64,2,2
5711c09d28742b0011c585be,e1DXnn,1,1,47,1,2
6475e3b08c14ba10d9e6f70f,e1DXnn,1,1,49,2,0
6634b4348db879b713f456f8,egNJun,2,1,40,1,1
582bee72b1afc30001af4eb4,e1DXnn,3,2,29,-2,0
663a46a8632babfc09cc49f5,egNJun,2,2,44,-2,-2
65e0a44487246a12016ff05b,e1DXnn,1,1,34,1,2
62c66885ba0578c9b5a0e4ae,e1DXnn,2,1,30,2,2
60fee1a0234ddea6fd998ba0,e1DXnn,1,2,29,3,3
65c10f720f94a8697e141aa1,e1DXnn,3,2,32,3,-3
660c21b888db988a05a6afd2,e1DXnn,1,1,39,2,-1
632a0d95934c221675c50b07,e1DXnn,1,1,39,1,2
6564171a43463427fd17303a,e1DXnn,3,2,42,-2,2
6631a9caa7ecf621ae2ad49f,egNJun,1,2,33,-1,0
5cab69f77ea4a700019a87dc,e1DXnn,2,2,62,2,2
5b3e2334cdb4ce0001d93c51,e1DXnn,2,1,35,-1,3
6505c00f60873691a5154f78,e1DXnn,1,3,20,2,2
65feb621317d35046f0f18b9,e1DXnn,3,1,27,1,1
65cba761b3d48a22dfc65d2f,e1DXnn,2,2,43,1,3
64d3f74db38d2256c4ff650b,e1DXnn,1,2,66,3,3
65f7c34c1c03bff8caa269e8,e1DXnn,1,1,41,-1,2
66130b23ee407564e718fcfd,e1DXnn,2,2,40,1,1
64f89ef9b3a1c4b51c4996f2,e1DXnn,2,2,26,3,2
5ac4c730f69e940001d977e1,e1DXnn,1,1,30,3,3
663319ddbb3a83322caa7494,e1DXnn,3,2,42,2,3
663adef4b6f1e4346b1b96b4,e1DXnn,3,1,41,2,1
6630da66ecc00f81e26c343e,e1DXnn,2,2,45,0,0
66366f1058966314508ed6e4,e1DXnn,3,2,53,0,2
6650b6946c012f027ef4e4dd,egNJun,3,1,52,2,-1
65d635d056de2f00fa72da28,e1DXnn,1,2,39,3,3
6129cc7a565c9c03752802fa,e1DXnn,2,2,27,-3,2
61489a7c8f9dfcc9f78b7c36,e1DXnn,3,1,26,-1,3
55b6e53bfdf99b438f10e3bb,e1DXnn,2,1,51,-1,3
65bfc33d79b5cd4ab0ff8a2c,e1DXnn,2,2,30,-2,1
65d774c7ce9f479b1202d6e6,e1DXnn,1,1,37,-1,2
663a5c071f4d039ebce1b20d,e1DXnn,3,2,32,3,3
63cdf894c118ad4f84489c1a,e1DXnn,3,1,49,0,0
615914a33224dc31f1045612,egNJun,3,1,63,3,3
6043fd8ec960ed455116d75c,e1DXnn,2,2,50,2,2
6568ead5dfb561c3ba7850a4,e1DXnn,1,2,43,3,3
663b4652f3c7257196eef51b,e1DXnn,3,2,20,0,0
630f9d70f86ca1ee77a5b8dd,egNJun,1,1,31,1,2
658717ac903b420541943753,e1DXnn,2,2,47,3,3
63d5e3bf4a739d1158b9ce64,e1DXnn,2,2,36,-1,1
6483f9ebf7986bdbdbc0598c,e1DXnn,1,2,59,1,2
662940f504db87235232df72,egNJun,3,2,53,2,2
66379e3bf53dd6996d268baf,e1DXnn,2,1,64,0,2
66228088ddfa13f2d401ca49,e1DXnn,3,2,69,1,3
601f6a2231a2904b79df1671,e1DXnn,2,3,30,2,2
5cb56689b34d310018c83a8c,e1DXnn,2,3,50,2,3
65d4ba89697ea524dc543004,e1DXnn,2,1,33,-1,1
610019cae69b9ad34c95e3b3,e1DXnn,1,2,26,0,0
5ab9d6b0e734400001d9b76a,e1DXnn,1,2,55,2,3
5da5edd78fc6de0018e39dcb,e1DXnn,1,2,45,3,3
6634fbb169e42974a3efb425,e1DXnn,1,2,38,2,1
6632935de7338dbfb8bed57a,e1DXnn,1,1,19,1,2
645bf81e7162b9ec4cb8aaf6,e1DXnn,2,2,56,1,2
5f2042752276432e3a7ef104,e1DXnn,2,2,42,-1,3
5c19fd69e567460001839e98,e1DXnn,3,2,66,0,1
607d6ad963c2b4e855ae2a06,e1DXnn,1,2,31,0,1
663a8050f55f768e9ea55705,e1DXnn,3,1,27,-1,-2
63d881ab484805569b553bd8,e1DXnn,3,1,34,2,-2
663465f595731f85bf928cf3,e1DXnn,3,1,44,2,3
661c38568863541ccfbebd67,egNJun,3,2,57,-1,1
63d7b81d79044b73bfb50952,e1DXnn,1,1,41,-3,1
606537639bc40e88e953c584,egNJun,2,1,35,3,3
63e51ed95836737acc031c11,e1DXnn,2,2,58,2,2
613bef31a02d0a411cc403a0,egNJun,2,1,53,1,2
63d423b81f5e313b9958723c,e1DXnn,3,1,37,3,3
6638da81fee06f5d89257d89,e1DXnn,1,1,71,-1,1
6163f468f64021af99daf9b5,e1DXnn,2,1,70,3,3
664d031e39f59ffa82289b1a,e1DXnn,3,3,31,0,2
663e5e89d602aa442c7b2845,egNJun,1,1,40,1,3
662a7cf12fffaa2abaaae0a7,egNJun,1,1,50,-3,2
5dcc38c329314b000dd68210,e1DXnn,1,2,28,3,3
65e4da5108d0dc84a6522a11,e1DXnn,1,1,39,2,0
5d6ab68809f9270001dac666,e1DXnn,2,1,26,0,-1
5e8b761a8d1c26054e59d181,e1DXnn,3,2,27,0,-1
615d2de8bfd11d57af47423a,e1DXnn,3,1,58,1,3
628277d1d5efc2ba7e3f96ed,e1DXnn,3,1,54,-2,2
662aabf592ce4adca5ca8026,egNJun,2,2,43,-2,2
5c223d4a4a7e1f000137e5b9,e1DXnn,3,1,36,-1,3
656b72a5777a9eddffb28aba,egNJun,3,2,60,0,2
65b549c67c7791499c09f8a2,e1DXnn,3,2,45,0,0
66463a2c0a36377060b1910c,e1DXnn,3,1,20,2,1
571d62343e894e001390daa8,e1DXnn,3,2,58,-1,3
662cbd2a407d4a8008adbd6b,egNJun,1,1,50,1,2
665a830c0dc9e142e8967f54,egNJun,3,2,24,1,1
66422323fdeebe4bc9030f81,e1DXnn,1,1,48,1,2
5b9b422307c6960001614c35,e1DXnn,1,2,40,0,3
5f3bc91327d97393a0c56178,e1DXnn,3,1,37,-3,3
66183558fbb603eb292458d0,egNJun,1,1,28,-3,-2
65dc9d061ee71ac7ad8df2a9,e1DXnn,2,1,42,2,2
65cb86a3dd1893183b69bb6c,e1DXnn,3,2,46,0,0
6090578fb2299eacaec32b7a,e1DXnn,3,2,29,2,1
663b047e07423e3381afc506,e1DXnn,1,2,35,2,3
65b4a836392d139322ec485b,e1DXnn,3,1,52,-2,2
664b8d3a1a24ec741933edee,e1DXnn,3,2,28,-3,3
663e5bec6ff4d08e75468e28,egNJun,2,2,32,3,3
5e59fa929aca901fd785bd30,e1DXnn,1,2,26,1,-1
5749537f5e5491000f3c1e33,e1DXnn,1,1,33,3,3
65e64c08cd1bf3d6ab957af7,e1DXnn,1,2,57,3,3
6636e27b4926cd0c965f3a47,egNJun,3,1,47,2,0
6643ad7ce9a4f6bd109525bc,e1DXnn,1,2,31,3,3
65a39c8944b50c6810ea5828,egNJun,3,2,71,1,3
5eb5f6d5e38e9f4e6c8dde3f,e1DXnn,1,2,26,3,3
58a5e994ef58a9000119c444,e1DXnn,3,2,32,0,0
629288376055ad7fb05bbf77,e1DXnn,1,1,48,0,0
5f7e6259ee37cd13977a6d6f,egNJun,1,2,40,1,2
66428090de7c2db3caed1c77,e1DXnn,1,2,52,3,3
6276d97e209059496d37bf74,e1DXnn,2,2,57,1,3
5dceca2541afe801a32e27ac,e1DXnn,1,2,79,3,3
663982b18614e273fa258010,e1DXnn,3,1,30,2,3
5fc19cb26abbeb2857247b00,e1DXnn,2,2,44,2,2
6584546672ce27c8cfe00c80,egNJun,1,1,54,2,3
6361eebd5327cc2337bd13ad,e1DXnn,2,3,46,0,3
5c9623dd35599200175642e4,e1DXnn,2,2,46,2,2
63d8518247f4eb60f36dd960,e1DXnn,2,1,50,-2,2
63617d69f2a3425296c8d89e,e1DXnn,2,1,36,0,3
6634279f33842b5a71ad49f9,e1DXnn,2,2,28,0,3
631b4c5d775e6d45ede11f6e,e1DXnn,3,1,41,-1,3
5e28f70500bb310cf3934256,e1DXnn,2,3,24,3,3
5dceeba4144b510411fb4566,e1DXnn,3,2,38,1,2
663106f1eed6956df69109f2,e1DXnn,3,1,30,-1,3
5f2dfc9bcae87215c17d34d4,e1DXnn,3,2,24,1,2
6650ebac2eca877e0a620344,egNJun,3,1,19,0,3
6631065eb63cbeb3ae33df79,e1DXnn,2,2,38,-1,1
6646d66dff946ef256719adf,egNJun,2,2,52,1,1
6466252fc70d9bdc95aa26fd,e1DXnn,2,2,76,3,3
6647b26b402c0a3c5ab8b0cd,egNJun,3,2,36,-2,-1
5e1f938b06121f2be0d1ead4,e1DXnn,3,2,24,1,3
663f5465db38f957462a56bc,egNJun,1,2,42,2,3
663ccaf282d1943e1ba91821,egNJun,1,1,27,0,2
66293d099b6b535830081504,e1DXnn,3,2,51,-1,1
66426e6d71cc0a1b1cd09097,egNJun,1,1,29,-2,2
663bed1750f26c425d62f57e,egNJun,1,1,51,-1,0
6632622721dc83773ec37607,e1DXnn,1,2,42,2,3
5664823551fac700118f9968,e1DXnn,2,2,61,2,3
663ad7dd98583bf3b13bc1a6,e1DXnn,2,2,40,3,3
6637b21240220c2517fffa1a,e1DXnn,2,2,61,3,3
66442ca351653be6d0357e94,e1DXnn,3,2,37,2,3
6631b0d242921095497d9d51,e1DXnn,3,2,51,3,3
5f3e5e066dfaa70464615447,e1DXnn,1,2,47,3,3
663a422b52cb5c270f98f3ff,e1DXnn,1,2,25,-1,1
647287f051cab7142b9ca9bf,e1DXnn,2,2,52,0,3
664cfc36d05e1ed37dd9f91e,e1DXnn,1,1,32,2,3
636548d16d8486ac6e2c9332,e1DXnn,1,1,44,-3,2
661fc8bb0644ba960f0e3b65,e1DXnn,1,1,24,-1,2
6615408c4d7b590a0c2c5679,e1DXnn,1,1,75,-1,3
661c6b77b3e418f08388ffb6,e1DXnn,2,2,41,-2,1
5d7850851841fc0001e9c64d,e1DXnn,2,2,33,2,1
5adeb4e9f6b58c0001fa70aa,e1DXnn,2,1,25,-2,1
663a5c684765f43ff7465bab,e1DXnn,2,3,21,3,3
614b154d1d77229f9878635b,e1DXnn,2,2,48,2,3
661d3dcee4078d4b1f57743e,e1DXnn,1,2,19,2,2
65462d3be36b05a1f97d2dc8,egNJun,1,2,35,0,1
66464bb8f59205908be09c70,e1DXnn,2,2,32,0,2
5b72d3f8afce7600019fe275,e1DXnn,1,1,33,3,3
660c28b0eeb115dac604d8c7,egNJun,3,2,42,2,2
63e12e51551a0a00ab990651,e1DXnn,1,2,24,1,2
66327a37b492ebe7bdaa5f69,e1DXnn,1,2,48,2,-2
6614a5298c82365421d9b0b9,egNJun,2,1,35,0,0
66396a53ec2393bad24ecc2e,e1DXnn,1,2,38,1,1
654bb50c72b2f304d47bfdab,e1DXnn,2,1,49,1,1
663a5d661ed4808f1718ca10,e1DXnn,1,2,30,3,3
62732854d22b38dbdae3ef9c,e1DXnn,1,1,47,1,3
58b2338a898c2e0001a5ca56,e1DXnn,3,2,63,2,3
63b7566ea98814782bc51d9b,e1DXnn,3,1,50,-3,2
60fc5a8eb17e706908c6ae0c,egNJun,2,1,48,1,2
66295a4891747c6a2a2f4e06,e1DXnn,1,2,54,-2,2
6646ee4c741a4659955a681e,egNJun,2,1,21,2,2
6647f6599a256179a04e784d,e1DXnn,1,1,25,-2,3
66537dd4a4f30ee7eee8109a,egNJun,1,1,35,3,2
65f9f6a61cb89181037d5524,egNJun,3,1,45,-1,3
664f400b4b5cb65436d650db,e1DXnn,3,1,29,2,3
5ac8328afa3b4e0001738e4e,e1DXnn,1,2,60,-2,3
66463e513e10c3b57f70e4f0,e1DXnn,2,1,36,1,1
65200615cd6539ffbdf9d0a9,e1DXnn,3,2,51,0,3
663b4971ffe327222be31c2f,egNJun,1,1,25,-1,1
640cd020656929eeb856a443,e1DXnn,2,1,62,-3,0
62865af5a1e349260f58cdf7,e1DXnn,2,2,26,2,2
60fdab454b8c00448c10fa27,e1DXnn,3,1,28,3,3
663a99e25efd160e2dc4f66f,e1DXnn,2,2,22,1,2
665b30fff8a77b62563b3e6b,e1DXnn,3,2,22,0,2
627ac8ebd1a87f7ea43604e7,e1DXnn,1,3,21,2,3
633f050f498936a87592181c,e1DXnn,3,2,63,3,3
65e89f5fb235632025b27b02,e1DXnn,1,2,37,0,3
6638068d9ab49383d1fe00ae,e1DXnn,1,2,41,1,3
663b9a049b1397803117d286,e1DXnn,1,2,30,0,2
65c3c69679a0121d56dedef3,e1DXnn,3,2,40,2,1
65031f68de6e940396216f8a,e1DXnn,1,2,56,-2,2
60c76fb5887b0728245b0695,e1DXnn,3,2,72,-1,1
65aee2cd05a6baf848046a4e,egNJun,3,2,52,1,2
6604664cb53a76971c8a1dce,e1DXnn,3,1,50,0,2
66467f5703bc98ffca9a248c,egNJun,1,1,31,0,2
663ff3dd70a4097d25be9a1e,e1DXnn,3,2,37,0,2
665ba7a36d036dd09e9081c2,e1DXnn,2,2,28,3,3
631a671f6dce7ca99b95bc65,e1DXnn,1,1,22,-1,0
66425a037429fb708492cefb,egNJun,2,2,43,2,2
6655f779f0e6b2ace3a37c95,e1DXnn,1,2,44,-2,2
5fba8ed9c7bb9a72a8c0ed8c,egNJun,1,2,60,2,3
66299dc31130ad434839ad7d,egNJun,1,2,52,-3,2
65a5ba58381a45c10a471062,e1DXnn,2,2,50,0,3
5c28113978fad50001932f58,e1DXnn,1,1,34,1,1
5ceb3cd10afd6e0016a9e721,e1DXnn,1,1,31,1,3
53b98f20fdf99b472f4700e4,e1DXnn,2,1,35,0,2
64812265e9739eed0d51977f,e1DXnn,2,2,69,-3,2
663a5dc8d9d0da6529123096,e1DXnn,3,2,22,-1,2
6630fcae418bde6a9e7c3b47,e1DXnn,1,1,41,3,2
664c1e6b6c9c5c73022528f6,egNJun,3,2,36,-1,1
66294b67628aecca4891c259,e1DXnn,3,2,50,1,2
663a6ba5dab218115013c324,e1DXnn,2,1,32,-3,-3
648af2818c1b1e60ed0ff001,egNJun,2,1,39,1,0
6630dd03941b48c77bba2805,e1DXnn,1,1,40,3,3
65c25e3de8b230c294f2b32c,e1DXnn,2,2,51,-1,2
6533cda31746894c5e981a84,e1DXnn,1,1,27,2,2
65614d209a18e3a528c2b066,e1DXnn,2,2,37,1,2
65f99b502e81655ac7459020,e1DXnn,1,2,32,1,3
6631dd70c1393b01137d8453,e1DXnn,2,1,42,1,3
665bc3d7c4595636f28b7e23,e1DXnn,3,2,30,-1,3
664defb9fbc200af70bd0db4,egNJun,3,2,47,-3,3
6639187761791a1345921730,egNJun,3,1,39,0,3
66355fbe799df84584ae9fed,e1DXnn,2,1,29,2,3
662379fa92aebed9d0d0e08b,e1DXnn,1,1,41,3,3
5e2360162828c461a8000585,e1DXnn,2,2,61,3,2
6629442858ac993227d2a95d,e1DXnn,2,2,56,-2,2
65fcdebb4bb107ea35f4ab42,e1DXnn,3,2,25,1,3
5ba4acc91fadfd0001af046d,e1DXnn,3,2,42,3,2
654ba95a19813f11335c3098,e1DXnn,2,2,62,1,1
63617d0513b0cf392fd67e3e,e1DXnn,1,2,40,-1,2
6630e55b3b999569b5a36635,egNJun,2,1,43,3,1
611af7dc150eb89a935edc3c,e1DXnn,2,1,32,3,3
614e7ad7ff5a0d785d5e550a,e1DXnn,3,1,67,-2,3
61003045d0f2c8b7ddb40dbd,egNJun,1,2,32,1,3
66520ab9072c7ee9751546b0,e1DXnn,2,1,32,2,2
660d49267eece4296c06eaf0,e1DXnn,2,1,58,3,3
6519c87c2a0e6965260adfdf,e1DXnn,2,1,50,-1,3
66460ef481a3b64f3e759242,e1DXnn,3,2,42,-2,-2
6572244f5a6d2b943074aa73,e1DXnn,3,2,65,-1,3
66375c6870026a3f1c97e6a4,egNJun,3,2,73,1,1
66436adf9d8e4a4ad31b8ed0,egNJun,2,1,28,-2,0
66228f55f1c8697715f3876e,e1DXnn,1,1,24,1,0
66338fb1dfa77d3fd06531ad,e1DXnn,3,2,67,0,3
660a8c7d3223ca2e51227038,e1DXnn,2,2,54,-1,1
632c211dcdf6a137b26dfdce,e1DXnn,3,1,30,0,0
6629602ac2d3905fda1be533,egNJun,3,2,49,1,3
63c09c62d1b2a93890da320b,e1DXnn,1,1,49,1,3
66045dc260ce3a27cca75531,e1DXnn,2,2,49,3,3
66294001494b75def82c92c7,egNJun,3,2,41,3,3
661eb831881dbc159a911e81,egNJun,3,1,37,2,3
5ffd055afa9eac21f6e8bc6f,e1DXnn,1,2,65,1,3
6658d458ff29df48cda45b01,egNJun,2,2,25,3,3
662f9a07f803a06c2d501415,e1DXnn,3,1,39,2,3
6611bbcee90e157291d3e7a7,egNJun,3,1,35,-2,3
630386f64c5bbd56ab1c3b0f,e1DXnn,1,2,33,0,0
60b4277a6c6540693acdd766,e1DXnn,3,2,67,-1,1
5cb9ca6814b3cb0017e4f7dd,e1DXnn,3,1,41,3,3
66257f550719ed59692aa681,egNJun,1,2,40,0,3
63f0fb9941434d10e8e4909b,e1DXnn,2,1,45,3,3
656fb5e1fc0343658dd0c442,e1DXnn,3,1,49,-3,2
6656dac20f9a0f05289273ac,egNJun,2,2,41,-1,1
664bff1726538ebef26606d6,e1DXnn,3,2,37,1,0
65db8502777ec1a5dfe4d608,egNJun,1,1,65,0,3
6601acd8481d967fb8e752a7,e1DXnn,3,2,27,2,2
66355c3eb4af8771dcfa599f,egNJun,1,2,39,0,2
5a79cfcd2a842c0001fc4b29,egNJun,1,2,49,1,1
645005f03fb72ab1bb1a88b1,e1DXnn,3,2,51,-2,3
660ff2d1e37b10d9887ee12a,e1DXnn,1,2,48,0,3
66358a9d8097a16fa815976f,egNJun,3,2,72,2,3
644937030a7868838f1e1b9a,e1DXnn,2,2,50,0,3
60f5f8769fc9289a9e518129,e1DXnn,3,2,37,3,1
6637883767d244b8657dff41,egNJun,3,2,45,-1,2
6519c8ed2ac89f36ddeea7e2,e1DXnn,1,2,51,-3,2
56bfcce79f7a1e0005fdca9e,egNJun,1,2,77,0,2
5bf8f34abdd6400001bd5e66,e1DXnn,1,1,65,0,3
65d563ecf8df20ade2f17888,e1DXnn,1,2,25,3,3
611b09935cd6e67f2b5e9ea2,e1DXnn,2,2,66,1,3
6655fd511b6c8d1fd05de12d,egNJun,1,2,33,-1,3
663a63f7d07fee78a65a31a6,egNJun,2,2,34,2,2
6544d818cdf50c46906dbf07,e1DXnn,3,1,53,-2,2
662fb42cc3458e96dee33181,e1DXnn,2,1,38,-1,1
6610a177f1857159ab6ff983,egNJun,1,2,33,-2,-3
5ed9c3054268815691ed0e2c,e1DXnn,1,1,38,-1,2
65c140b80efce0ed096216e3,e1DXnn,1,2,36,0,3
65c39067cbd525efe109a5e4,e1DXnn,1,2,32,1,3
63ede2ad833f9a24114b96a5,e1DXnn,2,1,41,-1,3
662d9149f8460cd72e01d8c9,e1DXnn,3,2,52,-2,-2
663654a97ef33e26031c143e,egNJun,1,2,55,1,1
63d69bcc9ac7e2fd85b9ce49,e1DXnn,1,2,47,2,2
662424ad2f70cf421d078707,egNJun,3,1,40,1,2
65e033591f7a113b3e710126,e1DXnn,1,2,28,3,3
64359688af0d56d659ce5a8d,egNJun,3,1,49,-2,3
6571b7926b9000addc21c8a4,e1DXnn,2,2,38,0,3
664760e0fb072af3749d6d4d,egNJun,3,2,58,-3,3
660f580f6c69db7498eae250,egNJun,2,2,24,2,-2
662613a0c132844f74a62143,egNJun,1,1,40,1,3
65969e3c11bcdc9abb1980b6,e1DXnn,2,2,19,-2,2
663abd92aff44b9893c3272d,egNJun,1,2,39,-1,1
5cb929bfebd17d0017e7f848,egNJun,1,1,64,1,2
66285c7950083c974f23ce6c,egNJun,1,1,33,-1,0
6600a119385d8631c41cd795,e1DXnn,2,1,35,-1,0
6626497ef286669f367e2a2f,egNJun,2,2,44,2,3
6616c4b8f2586d71b9667fb2,egNJun,1,2,32,2,2
6643c9b5a6e19c457e119a64,e1DXnn,3,2,37,2,2
663a5fc5b458baec47c1b160,egNJun,3,2,47,-2,2
6474a3bea5c73f10d2742769,e1DXnn,1,2,58,-3,-2
6612a039d482d62382d2c833,egNJun,2,1,42,2,2
662285182b035a6ba0b608e9,e1DXnn,2,2,64,0,1
66391d57fb3b8bc9fbe7bbbe,egNJun,3,2,26,2,0
65ff67160d7fa35d2c22aaff,egNJun,3,1,27,-2,2
6614a41a93554ac9d5125ade,egNJun,2,1,42,-1,2
6658d12efb179f9ef117c68c,egNJun,1,1,38,2,0
662457bb142f1f5f146aca07,egNJun,1,1,24,0,0
6633aef2bab5d447ff1142c2,egNJun,2,2,34,-2,3
660b6de2a4cafb3cd4451943,egNJun,2,1,52,-1,1
 65d198a2d007f5631ea8fe6a,egNJun,3,2,24,-2,3
6435768bb77e91c2a4546f1e,egNJun,1,2,50,1,3
664bbb1f636a213e363eb8d0,e1DXnn,1,2,59,2,3
659c87909dea0bd1602130ad@email.prolific.com,egNJun,3,2,45,0,2
663cfa07795619019d825ae6,egNJun,1,1,18,2,2
66463ff40a36377060b19272,egNJun,2,2,32,2,2
57bfc1beef05670001ee84c2,egNJun,2,1,29,-1,3
664499169568969244950bf4,egNJun,3,1,28,-1,-1
63a77363dd6fabebef211019,e1DXnn,3,2,59,-1,2
663194427a574be95a34eb19,egNJun,3,1,43,2,2
5e0571b7e297d5fa932cf415,egNJun,1,2,60,-2,3
662f93c33fe9ba41a6319363,egNJun,2,1,49,-2,2
665b68dc4c61c7ecbc617c31,egNJun,1,2,75,-1,2
62791daeb07011ce1ee79b74,egNJun,1,1,28,3,2
5e618ba4c448bf06f7b3a2c9@email.prolific.com,egNJun,3,1,54,1,3
6631948bcb3f052ae26e23a0,egNJun,1,2,43,0,0
60858334390f28f5a4fb79d3,egNJun,3,1,34,-3,3
663a38e10b7396eab4ea6226,egNJun,3,2,49,-1,-1
663107c78dd42ba9f097a9fc,e1DXnn,3,2,45,0,0
6620f9142f8c0082fd5adc7d,egNJun,2,1,25,0,0
63c06106314da889290931cd,egNJun,1,2,62,-1,2
6643b96e963b9b0cf7d216f3,egNJun,2,2,34,0,0
65a13a9f266da4aafdc1365a,egNJun,1,1,51,1,1
5bf311373a5bf00001401f64,e1DXnn,2,1,38,2,2
662004840cf5731b955a2d0f,egNJun,1,2,37,0,0
663e6464675410bdb462d097,egNJun,1,1,62,0,0
664c89726ab27c5c55b5a85b,egNJun,3,1,34,0,2
664a2422864c5a251476c37c,egNJun,2,1,34,1,2
65fba0512b473c59b9fb7175,egNJun,1,1,29,-3,-1
662c1b7573e1b82b30e910c5,egNJun,3,2,34,1,-2
66338858bd2128bb6e088574,egNJun,2,2,31,-1,2
664bf2201abae3378784ee1a,egNJun,2,1,29,1,-1
6644a34a576e8e69578cca1b,egNJun,2,2,27,3,3
656b41dde1d595df0ff84051,egNJun,1,2,31,3,3
6648e2eadcc05800e89469f2,egNJun,1,2,36,0,2
66341ea0271d271dc78c8283,egNJun,2,1,40,1,0
660995c628f9390d8b2ba235,egNJun,2,2,28,NA,2
6659fc5225ebd63b4f7f1d56,egNJun,1,1,44,-3,2
6626a1353f25cf6ea37c8e5c,egNJun,2,2,43,1,2
65f4de464a8635751f0c14f2,egNJun,3,2,39,3,3
6622bbca9bc69bafe04d79af,egNJun,2,2,48,3,3
5c112b5d8124060001bfa35f,egNJun,3,2,42,0,1
663d5195120edf551cc4ff65,egNJun,3,2,36,1,3
63d72c8302710455d9fe84e0,egNJun,1,1,26,3,1
64394a1454202dfbace21e90,egNJun,3,2,50,0,3
65e4c24edcfff6181de40e11,egNJun,2,2,36,0,3
663a6a3423ca1b6b0dff3f3b,e1DXnn,2,2,36,-3,3
661aa17ad7ad8f4657e59dcd,egNJun,2,1,26,2,2
63c499bfa61a4ff762d68d3f,egNJun,1,2,59,-1,0
66293b977dbac0200c0dda79,egNJun,2,2,52,0,0
663a56ad1cec763b896be3e8,egNJun,3,1,71,2,2
663a7e0405e0b058c85bd899,egNJun,3,2,54,-3,2
663a8f9f3af5cb5bd42cecb1,egNJun,3,2,30,0,1
6642bc68a8130f486d2ae4b0,egNJun,2,1,35,-1,1
6007940da18eeb2a9f4dbf1f,egNJun,3,2,26,2,2
66542feebc9052c5a9157a19,egNJun,1,1,25,-1,2
66579d2fff0ff4d2fa1488ff,egNJun,2,2,53,-2,3
656f6720798caed9bcc79991,egNJun,2,1,62,3,3
604bc7740ce747ff06a514e2,egNJun,2,2,46,1,2
6643a23e1668916a901333d9,egNJun,2,2,35,-1,2
65e615620fd6a1c087dafc48,egNJun,1,2,44,2,3
6610aa19fd6d2becc47a1c70,egNJun,1,2,42,-2,1
5f04d50380100c1525c622d1,egNJun,3,2,37,-2,2
6610320c713a6f7b0b1dd214,egNJun,2,1,42,1,1
66410da1ad936cfe4f145774,egNJun,3,1,51,2,2
6659377dbc36ded0ffe48ded,egNJun,1,2,41,0,1
6651767ed02c399ff194d618,egNJun,3,1,34,-2,1
664b7d05a3cb610749a9a77d,egNJun,2,2,27,-3,2
661aace671245944746c7b6c,egNJun,1,1,52,-2,3
62ac8d9f8d93291cb9d49d49,egNJun,1,1,21,-1,1
6656647ea6bf70f056e8e7ac,egNJun,3,1,32,-2,2
5c50b6dc172b6c000177a036,egNJun,1,2,44,-3,2
66567d4bc8a11ae7a4df7252,egNJun,1,2,46,-1,1
62c9fdd317ab40e740eb27c8,egNJun,2,1,44,3,3
664cd8e39193b06a50c5581f,egNJun,3,2,42,1,3
65f7805c78b358ac910938b4,egNJun,1,2,19,3,3
661a30ff9df54f5a47ce7c1f,egNJun,2,1,36,3,3
65c119a8bc242a29a176a544,egNJun,3,2,52,-2,1
6334b0fc574064de4e68f578,egNJun,3,2,63,-3,1
6640f35c85a23b3f7db3c08f,egNJun,2,1,26,-1,3
66505b34764aedea83283075,egNJun,1,2,26,-3,-2
6142aef4e66922b7b2679529,egNJun,2,1,24,3,1
662e578177f502513e454b33,egNJun,2,1,32,1,3
61239a2dfade59a247586dcf,egNJun,1,2,38,-3,3
5f6b8930b9d9530b1b065360,egNJun,3,1,42,-1,2
65e8cf8f4c7424fa062e54a3,egNJun,2,2,30,1,3
663c900282e0f14225eae01e,egNJun,3,1,28,1,0
664299802cd8985e29fc6573,egNJun,3,2,44,-1,3
66257b623b56d42c15f3206a,egNJun,3,2,40,2,2
660432126f6cc582d9120504,egNJun,1,2,33,-1,1
5a98d411f05361000171ebe7,egNJun,1,2,34,1,2
663e29a7cd0b2aba8dd1e6d9,egNJun,1,1,31,2,1
5d5497857aff650001a18c3c,egNJun,3,2,54,-2,2
6631b7082d353b2a8ab48cfe,egNJun,3,2,46,-3,0
663cf6c668a1875600517957,egNJun,3,1,48,0,1
663b4ac38f566e82f5d5f1c1,egNJun,1,2,33,-1,0
6642bcd931739a1dffbb3a63,egNJun,1,2,65,3,3
610439fcd0de343335e8adb3,egNJun,3,2,33,3,3
664d96c0550b719c453c9b07,egNJun,3,1,40,2,2
664a30a6ba0ebea2cec6c96f,egNJun,2,1,63,1,2
6611dfa4198eb84743071561,egNJun,2,2,32,-1,1
66314dab7532bd4e217f5fd6,egNJun,1,1,56,2,2
6637c7d9fc91cd7d5c8b0d49,egNJun,1,1,41,-2,2
6034f019bf26dfcde618e658,egNJun,1,2,30,1,0
6629436add816d4eb7f42aba,egNJun,2,1,53,2,2
662fa6ff701bf27de3ffd3a1,egNJun,1,2,23,2,2
664fc88e589ceacc92930e9d,egNJun,2,2,34,-2,2
663d22e0c70d47cce2f8288f,egNJun,3,2,48,0,1
663e2a040dccbdfe4e21c23d,egNJun,1,1,53,0,3
66481a6d648519a547aebd68,egNJun,3,2,22,0,0
65f8e54f7d38e43856619feb,egNJun,2,2,44,-3,3
6638e67df69fcdf03f14a119,egNJun,1,1,67,0,1
663d6df2c945ad2ab53c9b97,egNJun,1,2,72,1,
66561adb7dcee3fe7103de8a,egNJun,3,2,28,-3,3
661460c924ff166a69250042,egNJun,2,2,23,1,2
6653904d974360d0c90b6bf8,egNJun,2,2,19,-2,2
661fdd918018b994106e5239,egNJun,3,2,43,0,0
6658a399fb065bf3ad36038d,egNJun,2,1,66,2,3
66562cf5534c56c66e19d23d,egNJun,3,1,20,-3,3
6639294aecf47d087656fe71,egNJun,3,2,41,-1,1
66576df42bdbeda21619eedf,egNJun,3,1,22,3,-1
663526abe976f2000dc79467,egNJun,1,1,50,1,0
66463f27b6384c50ebaa76eb,egNJun,1,2,34,-3,0
66353176cdeb5547320d2477,egNJun,1,1,63,-1,3
6654c3056acf3abb982b23ab,egNJun,2,2,41,0,1
660f10ea073a912abb39de30,egNJun,3,1,21,0,0
63cef7a6faef5bdf3066bb02,egNJun,2,1,50,1,3
664934e30a84da9ffb43a750,egNJun,3,2,50,-1,2
6657501de9a93ec1dae74cac,egNJun,3,2,34,1,1
665383bcad9890b15d78e466,egNJun,3,1,24,-1,0
5f4d795c2a3d07a4d468e73a,egNJun,2,1,24,0,2
664d8066db4407ac502a5979,egNJun,2,1,39,0,3
6647687c4e426658c608e92e,egNJun,1,1,32,-2,2
60ff8ef5687d522fc499537b,egNJun,1,2,25,1,3
66404f7c39df6ec6f06106e4,egNJun,3,2,35,1,3
5f5f457ae16a900375572c32,egNJun,1,1,34,1,1
663ca3bb2308c5634004f00e,egNJun,1,1,28,1,2
6652193ce4b5df0b6b366158,egNJun,3,2,23,2,2
660457811031756e85deff18,egNJun,1,2,48,-1,1
6647e35a6fd9fa329d3dd13d,egNJun,3,1,27,-2,2
65dbc3b8ba0f000f1e8e002d,egNJun,2,2,52,-3,0
664cf1914f41867dc91f9cce,egNJun,2,1,28,0,0
663c7405384330ef74623022,egNJun,3,1,23,-3,3
6650fb32b9c2d7fcec77a250,egNJun,2,1,39,3,2
65e26b4bc5e3ee0262688151,egNJun,1,2,22,-2,1
65957bd1d50169365de425e1,egNJun,2,2,62,-2,-1
62b5e825a5e8616bde25741d,egNJun,2,2,33,0,1
663fe69088a9b23078acc7a7,egNJun,1,1,30,3,-1
60ff5f95b4b604bb19bd526a,egNJun,3,2,22,-3,-2
56a1baeee1e5a6000c8fba3e,egNJun,2,1,27,2,0
6635186aa4eb20ac2f1f4c3a,egNJun,1,1,24,2,0
665a6199d8b2172da1b7b7b0,egNJun,3,2,36,0,2
66526ff89d419e456e380c07,egNJun,2,1,31,2,1
6630da61208b8b678a1ec63c,egNJun,2,1,40,-1,2
66536514443a3c5e8dda9208,egNJun,3,2,57,-2,0
664ce5c7969975237f0e8ffa,egNJun,2,2,22,-2,1
5fa8b4123a3f0d7a4aab8ef3,egNJun,1,2,44,-1,2
6631584541e13b0ed2a9be60,egNJun,1,2,26,-1,1
663557f1ddd96308299e1015,egNJun,2,1,74,0,1
6581c6a3b971c2908d8acae0,egNJun,1,2,53,0,0
661bf9e6d8d3bc303cae9ed6,egNJun,2,1,47,2,1
600e538221d8ec480ca023b7,egNJun,3,2,25,2,2
664dd1afefbfe4a469605a00,egNJun,1,2,56,-3,1
665a1bc896c21bcfc83cb7bd,egNJun,3,2,21,3,-2
65de3fafab17ebda9cb762aa,egNJun,1,2,21,0,0
65f985e5f6cf1bbd60efb6a8,egNJun,1,1,37,-1,2
66335ebba55a51ce38645319,egNJun,1,2,25,2,2
665be503d6263de808f669e3,egNJun,1,2,33,-2,1
663e7d8a388c73d856a38e59,egNJun,2,2,26,1,3
5f96fdf93219be050ae6f1d9,egNJun,2,2,60,-3,2
6632db9e88521c49289d563c,egNJun,1,2,55,-3,3
5fe354a2e44df4fb4634bbc3,egNJun,2,2,42,-1,1
66462d867fe1025286613561,egNJun,1,1,21,1,2
664d145fa354afdb587d3e4a,egNJun,3,2,34,-3,3
65c8d4ec0926084f3fb5df72,egNJun,1,2,22,1,1
664f80f517b93cc79c0a7c3e,egNJun,3,2,31,-1,0
662c7b36f0050eb758ff1fe0,egNJun,3,2,52,-2,3
663aa8bf5cbc04c703784556,egNJun,2,2,42,-1,0
63d7cbbc05916152378dfcb5,egNJun,2,2,34,0,0
662aa9563637f160270faee7,egNJun,3,2,24,-3,3
6623d9ae9c4dda6732c407d9,egNJun,2,2,40,0,3
661ad18cdd72c01441dd1c45,egNJun,2,2,24,-3,0
65bc18ebd6ea13b03102e4f1,egNJun,1,2,64,-1,1
65d966d8536528675112a4ce,egNJun,2,1,27,-2,-2
665159a45e437336893daaf2,egNJun,2,1,39,3,3
662703977e1e7e0fc69cad81,egNJun,2,1,41,1,3
6659d01c220a87b46ab7ed06,egNJun,2,1,35,1,2
661c92bc6f7ab864a9a96633,egNJun,3,2,31,2,2
5f613bd011a0d70b831ad999,egNJun,3,2,52,1,3
6658ff29bd32dc38300c7289,egNJun,1,1,29,3,3
66451a42bf464c0c1e0f8ac3,egNJun,3,1,35,-3,3
662eb858a2234c5ea6f02bdb,egNJun,2,2,36,3,3
660c86becbff9a74ad502a13,egNJun,1,1,39,-1,0
663a4c8ddfb8b416fef61741,egNJun,2,1,28,2,2
6638f721ac4b7a399d3d9229,egNJun,3,2,57,-1,2
5b82247316aa4400016aa924,egNJun,2,2,42,-1,3
6636e5ffb1e341fa2390a2c0,egNJun,3,1,32,-3,2
66347b1d3b38023debe2ddb2,egNJun,3,1,64,0,1
66226cdf14c4f78246557126,egNJun,2,1,39,NA,1
6439e861eda272218b2abec6,egNJun,2,1,53,2,2
66574e140bc29f6dd5d22516,egNJun,1,1,29,0,2
66575102dbca42e1e3d0f840,egNJun,1,1,39,0,1
63d7a8a2591096e22405d64a,egNJun,2,1,38,-1,0
5e7247f3be8fd016888bafac,egNJun,2,2,53,2,2
5c1df5d510677f0001d9f6a5,egNJun,2,2,46,2,1
663292cb7cab7a04c0ceafcb,egNJun,2,2,38,1,0
664930989a37c7daf430333d,egNJun,1,1,39,-2,2
6463695c18c68eee514fd3a3,egNJun,3,1,78,1,2
6642a50ea045a0c857e874f8,egNJun,3,2,51,-1,0
660d3b9ad745388578c952d4,egNJun,3,1,53,0,3
66296576ea9cd406efc12f7c,egNJun,2,2,49,1,2
65d64f62a8d3f33c02166479,egNJun,2,2,42,2,2
6600104471d6b773dc438072,egNJun,1,1,40,0,2
59a1d549fc15d200014ba04e,egNJun,1,2,42,-3,1
663e7aa5f928743f138d7ff2,egNJun,1,2,33,-2,0
665a2495a0c87db18a2693b0,egNJun,3,1,47,3,3
610f303cfb519f6dc89edd5f,egNJun,2,1,24,-1,2
5ef571b16317d90009f5493a,egNJun,3,2,64,-2,2
662ef0c75b07b666c6bdf1e9,egNJun,3,2,53,-2,0
66415a33106f95d547df306d,egNJun,3,2,35,3,-3
663fa7fe0a5fd324fd419c11,egNJun,1,1,38,-2,2
663a77b9f973602bcedaf526,egNJun,3,2,36,-3,1
6522a86994a5ce0d7bb9feba,egNJun,3,2,40,3,3
65ffa76dabd4c823566834f1,egNJun,3,1,22,-3,3
65e887048551ab47a70ef484,egNJun,3,2,22,1,1
6659059b19546bf4a7e55c1a,egNJun,2,1,23,-2,3
660fc480ad62d3cbce59d2db,egNJun,2,1,27,-3,3
65ef9e8ae3dc14f0a343022a,egNJun,1,2,52,-1,1
6657e94f33a2d2fefa03e2d2,egNJun,2,2,19,1,3
662a1a6dcdddbb37e14f2100,egNJun,2,1,27,-3,3
66356ffe9661f0497f3860c8,egNJun,1,1,60,-2,2
6652883a5b982e914af62efd,egNJun,1,2,60,-3,2
6653ef0a8083d841281534a5,egNJun,2,1,30,3,3
6649f9a5dcc9b3525dd04581,egNJun,3,2,26,-3,2
665a6795e698b0a87d236d42,egNJun,3,2,39,-3,0
663e8038b8cd23fee5f8b2ee,egNJun,3,2,35,-2,0
643946adb4e56f6cecb81c14,egNJun,3,2,51,-3,0
664a71e6ca4538881aeff7b4,egNJun,1,2,25,3,0
66394ab24f031138b40aafe4,egNJun,2,2,44,-1,0
66192d4e82887c0a4cdf30c9,egNJun,2,2,33,2,3
608be57ba4025055968e84a0,egNJun,3,1,36,0,-1
663d35bf11aa8e5d914a0602,egNJun,3,2,37,2,3
66513dd8b16a4b78f76b4c0b,egNJun,1,1,38,-2,3
65ef1a7b03ecb85b1498bfec,egNJun,1,2,47,-1,1
664c8c171bc0041353b92f15,egNJun,2,2,52,3,2
6643a03cae7b7a08b496f4f3,egNJun,2,2,32,-2,1
65c11d5cbbe622ba06de212b,egNJun,1,2,33,3,2
661dd5818382cf7f51fe5f0c,egNJun,3,1,23,-1,3
662b24af863fd5cc1437384c,egNJun,2,2,51,2,1
65ec8abca87a76dad829ec24,egNJun,3,2,38,1,2
5d5b4ffc1a12e70018ca1268,egNJun,3,2,40,-2,
661f130fbab5d5bfb7b17ae8,egNJun,1,1,30,-1,3
661ec48c618b7a27e5a9077a,egNJun,2,2,59,-2,2
6629595cfd8e2435f8bd3980,egNJun,3,2,52,-1,3
65b53189fb5fa548a3ef7aac,egNJun,3,2,61,-2,3
664267fdac0d01c5dea07ac4,egNJun,1,2,36,-3,2
66451e8c29ca8745033fb5c8,egNJun,2,1,33,0,1
663a8d8703d82476ca6ef370,egNJun,3,2,35,-3,2
5facc4201f33582f15dcf9bf,egNJun,2,1,75,0,0
5ed1adc2906e0810d6ccccbf,egNJun,1,1,23,-3,-1
63614d513d6883f562b0ff79,egNJun,3,2,37,3,3
6428a9d34890ddbe5dd57fb0,egNJun,1,1,56,3,3
663769e8d6efb2ab84b8d9b8,egNJun,3,2,38,1,1
6605836a1b597feb002c4cd9,egNJun,2,2,38,1,2
663a36482975a63b379d5ad7,egNJun,2,2,31,-2,3
662facfffb363cef00e404a8,egNJun,1,1,32,-3,3
6630f636be6c6d7cbe1a1364,egNJun,2,2,48,-3,-3
66299ba9610d012343192199,egNJun,2,2,44,0,0
661ed51e233da9567074fc22,egNJun,3,2,28,1,3
65ec79289e72647fd829e0b5,egNJun,2,2,38,2,2
665163d3abe49e6139fa9a1d,egNJun,3,2,20,-1,3
65bd2e24cea761170f86f3d8,egNJun,1,2,60,0,0
663aa6420a964c2a7740b9d7,egNJun,1,2,36,1,2
6632b1495a9415f2fe4918ee,egNJun,3,1,55,-1,0
65f3c019af9b941fab977584,egNJun,2,2,47,-3,1
65fda8834c37f95628836b89,egNJun,3,1,47,1,1
663386a2799625050a99c58c,egNJun,1,2,40,-1,1
664d68084aff042dd5ad8ef5,egNJun,1,2,58,0,2
65a57b1b4ce0a142f5b59bf8,egNJun,3,1,42,-3,2
664a1e4e7c5b31c8ef11743a,egNJun,2,2,32,1,1
65dfa0543d5ed82012d1cdf9,egNJun,2,2,26,3,3
65dffffe75d0f696a3f29448,egNJun,1,2,41,-3,2
66314487133b2b779cec7ef9,egNJun,3,1,38,-3,2
65f91231e10260ce66c137fe,egNJun,2,2,24,-2,2
60175f132ab6d09b8e75450f,egNJun,2,2,69,2,2
66579bdc383316f3613519ee,egNJun,1,2,49,1,2
6617c8b682fa25050b6a205a,egNJun,2,2,70,-2,2
663a729f7ae5c370d36cf877,egNJun,3,2,37,-2,3
660e1e216219b1c5787bec67,egNJun,2,1,41,3,3
657b63bd8b304f325507e327,egNJun,1,1,26,-1,1
662db3bf56dba8328541ff02,egNJun,3,1,59,-1,1
5ba8735b38803d000126eda3,egNJun,2,2,38,0,0
6658f8f298569e477b21e1f1,egNJun,2,1,30,1,3
6157d4e8c339aeb409d2e6a9,egNJun,3,2,59,-3,1
664167adcaa569ada842f8de,egNJun,2,1,46,-1,2
5db1142453bf830017fc744c,egNJun,3,1,29,1,2
5b1505b69663ee0001463400,egNJun,3,2,37,3,3
5f13ea64399eaf40ff6c1b90,egNJun,3,1,24,0,0
6638f3d967d2828b285f176d,egNJun,2,1,21,-3,3
616996c4f97c112b8c31d813,egNJun,2,2,35,2,2
62cd43d66c2dd7ae9ab53ae7,egNJun,3,1,36,-2,-1
6659a014d39aad32def7c40f,egNJun,2,1,27,2,2
648730b1a1d3e2608b42d144,egNJun,2,1,65,3,3
663bd886f68719983415f197,egNJun,3,1,32,0,1
64a817b8fc791ab9252ad87e,egNJun,2,2,64,0,2
6431c58ce5be91cd5c2c5d8f,egNJun,3,1,54,-1,3
55919ec6fdf99b4fccbdfec5,egNJun,3,1,33,-2,1
66587c4637981e408edaf59a,egNJun,3,2,33,-1,1
58269803c297cc0001f2d9f9,egNJun,1,2,60,3,3
645a80c7086c5489889e618d,egNJun,1,2,56,3,3
662eae2affb9341b36cc9e32,egNJun,3,1,23,-1,2
5ddef2e6929d5de6f1050f1c,egNJun,1,1,62,0,2
5e1b10cc8e55e133d9c51dcd,egNJun,2,2,41,-2,0
663a78cd6fdcf894c45b49cb,egNJun,2,1,35,1,3
6616eaaaad786cf5812b4183,egNJun,3,1,50,-1,3
6236e23a8d6071933a13bbfa,egNJun,3,1,36,0,1
66467721c19149614012d142,egNJun,3,2,34,0,3
660338e4a1acbad65a2955ec,egNJun,2,2,30,-2,0
661a0ca66cf132f3be56080d,egNJun,1,2,33,-2,1
660c7427cb3a408efc628357,egNJun,2,1,36,0,2
65ff8f036cb80214304dcec5,egNJun,2,2,58,1,2
662d7870248266b5ed129864,egNJun,3,1,49,1,1
65c63f9b7a891fff8a4c45a2,egNJun,2,2,71,0,3
663822d8a814aff3d650627c,egNJun,2,2,53,2,1
663221232606e2d5954e2050,egNJun,2,1,35,1,1
6657b44441f621e598dff620,egNJun,2,2,38,2,3
5f1c2ebf1d8b7c48ad3ec3db,egNJun,2,2,57,-1,2
64d52f6f30852f26223d1e84,egNJun,3,1,48,-3,-3
661af8122dccbc14bf165614,egNJun,2,2,55,2,-1
66355854d9289d700ee6efb8,egNJun,1,2,39,-2,2
62e9c91168f8d1ff048964e9,egNJun,2,1,63,0,0
6553ea53ba6af67a93e61594,egNJun,1,2,49,3,3
6570d23bb8bf6f71d5782d44,egNJun,1,2,34,2,2
65d91882b631b6dda09c4577,egNJun,1,1,45,0,0
661a943eb3f219664f4ce75a,egNJun,1,2,28,3,3
651dc18273d173562ea40027,egNJun,2,2,61,3,2
65aaf74b028a4828c08a4630,egNJun,1,1,78,-2,1
5c800507a1d4b900114f28c4,egNJun,2,1,32,1,3
65ae5db84d78625bbdd73a55,egNJun,1,2,54,1,2
59ead61177860e00015133e0,egNJun,3,2,40,-3,3
5d58a7115f36a80016f9982b,egNJun,1,1,37,1,2
5d824fa9be1eee0016258e42,egNJun,3,2,42,-1,1
5661c2a573ac87000a80402b,egNJun,2,1,24,1,1
5e0f51826f6d3e66045b8feb,egNJun,2,2,45,-1,1
603470186bba1c26a354c27e,egNJun,1,2,29,3,3
662945391ea10b6fbc4d8acd,egNJun,2,2,42,-1,3
65dfd1cdf84b3237168a720b,egNJun,3,2,37,-2,0
5dc8bc757d735061e97c89c1,egNJun,3,2,37,-3,3
6634f79f9dc7092ff0170534,egNJun,1,2,35,3,3
6082c37809793130ca4b3f0e,egNJun,1,2,55,1,3
6642609fdd12bcf328f62bca,egNJun,3,2,36,0,3
6635bfd412d1298a58c75e00,egNJun,1,2,19,-2,2
663a545e979170445aa7a512,egNJun,3,2,73,0,1
662790ba12f6c8d4d6b4296a,egNJun,3,1,39,1,2